<?xml version="1.0" encoding="UTF-8" ?>
<!DOCTYPE mapper PUBLIC "-//mybatis.org//DTD Mapper 3.0//EN" "http://mybatis.org/dtd/mybatis-3-mapper.dtd" >
<mapper namespace="com.swu.dao.db1.MysqlMapper">
<!--      <resultMap id="BaseResultMap" type="com.swu.entity.User" >-->
<!--            <id column="id" property="id" jdbcType="INTEGER" />-->
<!--            <result column="name" property="name" jdbcType="VARCHAR" />-->
<!--            <result column="pwd" property="pwd" jdbcType="VARCHAR" />-->
<!--      </resultMap>-->

    <select id="selectList" resultType="com.swu.entity.User">
        select id,name,pwd from users
    </select>
    <select id="getUserByName" resultType="com.swu.entity.User">
        select id,name,pwd from users
    </select>
    <select id="getUserByNameAndPwd" resultType="com.swu.entity.User">
        select id,name,pwd from users where name=#{name} and pwd=#{pwd}
    </select>
</mapper>
