<?xml version="1.0" encoding="UTF-8"?>
<!DOCTYPE mapper PUBLIC "-//mybatis.org//DTD Mapper 3.0//EN" "mybatis-3-mapper.dtd" >
<mapper namespace="com.swu.dao.db2.HiveMapper" >

    <cache flushInterval="4909900" size="12440"/>

<!--    <resultMap id="BaseResultMap" type="com.swu.entity.house" >-->
<!--        <id column="id" property="id" jdbcType="INTEGER" />-->
<!--        <result column="name" property="name" jdbcType="VARCHAR" />-->
<!--        <result column="location" property="location" jdbcType="VARCHAR" />-->
<!--        <result column="total_price" property="total_price" jdbcType="REAL" />-->
<!--        <result column="avg_price" property="avg_price" jdbcType="REAL" />-->
<!--        <result column="area" property="area" jdbcType="REAL" />-->
<!--        <result column="house_type" property="house_type" jdbcType="VARCHAR" />-->
<!--        <result column="floor" property="floor" jdbcType="VARCHAR" />-->
<!--        <result column="decoration" property="decoration" jdbcType="VARCHAR" />-->
<!--        <result column="time" property="time" jdbcType="VARCHAR" />-->
<!--        <result column="building_type" property="building_type" jdbcType="VARCHAR" />-->
<!--    </resultMap>-->

<!--    <select id="selectList" resultMap="BaseResultMap">-->
<!--        select id,name,location,total_price,avg_price,area,house_type,floor,decoration,time,building_type from house where id=10-->
<!--    </select>-->

    <select id="houseList" resultType="com.swu.entity.houseData">
        select location as word,round(avg(avg_price),2)as value from house group by location
    </select>

    <select id="houseList2" resultType="com.swu.entity.houseData">
        select floor as word,round(avg(avg_price),2)as value from house group by floor
    </select>

    <select id="houseList3" resultType="com.swu.entity.houseData">
        select house_type as word,round(avg(avg_price),2)as value from house group by house_type order by value desc limit 10
    </select>

    <select id="houseList4" resultType="com.swu.entity.houseData">
        select time as word,round(avg(avg_price),2)as value from house group by time
    </select>
    <select id="cyt" resultType="com.swu.entity.houseData">
        select name as word,value from cyt
    </select>

</mapper>